PK;NOMBRE;DESCRIPCION-ENTIDAD;HORARIO;EQUIPAMIENTO;TRANSPORTE;DESCRIPCION;ACCESIBILIDAD;CONTENT-URL;NOMBRE-VIA;CLASE-VIAL;TIPO-NUM;NUM;PLANTA;PUERTA;ESCALERAS;ORIENTACION;LOCALIDAD;PROVINCIA;CODIGO-POSTAL;COD-BARRIO;BARRIO;COD-DISTRITO;DISTRITO;COORDENADA-X;COORDENADA-Y;LATITUD;LONGITUD;TELEFONO;FAX;EMAIL;TIPO
7611750;"Archivo Judicial Territorial de la Comunidad de Madrid";"";"";"";"Consulta los siguientes enlaces";"";"3";"http://www.madrid.es/sites/v/index.jsp?vgnextchannel=bfa48ab43d6bb410VgnVCM100000171f5a0aRCRD&vgnextoid=034f40628a7f7410VgnVCM1000000b205a0aRCRD";"";"";"";"20";"4Ş";"Derecha";"";"";"MADRID";"MADRID";"";"";"";"";"";"";"";"";"";"913 329 570 / 912 760 0590";"913 317 639";"ajtcm@madrid.org";"/contenido/entidadesYorganismos/ArchivosCentrosDocumentacion"
91189;"Audiencia Nacional. Juzgado Central de Menores Único";"";"";"";"Metro: Serrano (línea 4), Velázquez (línea 4).";"";"3";"http://www.madrid.es/sites/v/index.jsp?vgnextchannel=bfa48ab43d6bb410VgnVCM100000171f5a0aRCRD&vgnextoid=b4f35c2cdc41c010VgnVCM2000000c205a0aRCRD";"GOYA";"CALLE";"V";"14";"1Ş";"";"";"";"MADRID";"MADRID";"28001";"1";"RECOLETOS";"4";"SALAMANCA";"441898";"4475164";"40.42508535222886";"-3.6849251359265383";"914 007 436 / 914 007 437";"914 007 438";"audiencianacional.centralmenores@justicia.es";"/contenido/entidadesYorganismos/EntidadesAdministracionJusticia/Juzgados"
66672;"Audiencia Nacional. Juzgados Centrales de Instrucción";"";"";"Juzgados Centrales de Instrucción   Número 1.   Teléfono:  917 096 463 / 917 096 464.    Fax:  917 096 465.  Email: audiencianacional.centralinstruccion1@justicia.es     Número 2.   Teléfono: 917 096 533 /   917 096 537 /  917 096 528 / 917 096 527.   Fax:  917 096 541.  Email: audiencianacional.centralinstruccion2@justicia.es     Número 3.   Teléfono: 917 096 520 /  917 096 517 / 917 096 524 / 917 096 522.    Fax:  917 096 825.  Email: audiencianacional.centralinstruccion3@justicia.es     Número 4.   Teléfono: 917 096 511 /  917 096 506 / 917 096 514 / 917 096 512.    Fax:  917 096 515.  Email: audiencianacional.centralinstruccion4@justicia.es     Número 5.   Teléfono: 917 096 480 /  917 096 478 / 917 096 479 / 917 096 477.    Fax:  917 096 486.  Email: audiencianacional.centralinstruccion5@justicia.es     Número 6.   Teléfono:  917 096 470 /  917 096 468 / 917 096 493 / 917 096 475.    Fax:  917 096 475.  Email: audiencianacional.centralinstruccion6@justicia.es";"Metro: Colón (línea 4), Alonso Martínez (líneas 4, 5 y 10).";"";"3";"http://www.madrid.es/sites/v/index.jsp?vgnextchannel=bfa48ab43d6bb410VgnVCM100000171f5a0aRCRD&vgnextoid=ba4708de2f41c010VgnVCM2000000c205a0aRCRD";"GARCIA GUTIERREZ";"CALLE";"V";"1";"";"";"";"";"MADRID";"MADRID";"28004";"4";"JUSTICIA";"1";"CENTRO";"441215";"4475262";"40.425917774018146";"-3.6929850504237662";"Ver apartado Servicios";"";"";"/contenido/entidadesYorganismos/EntidadesAdministracionJusticia/Juzgados"
91192;"Audiencia Nacional. Sala de lo Contencioso - Administrativo";"";"";"Sala de lo Contencioso-Administrativo.   Sección 1&amp;ordf;.   Teléfono: 914 007 282 / 914 007 283 / 914 007 284. Fax: 913 970 381. Email: audiencianacional.salacontencioso.s1@justicia.es    Sección 2&amp;ordf;.   Teléfono: 914 007 286 / 914 007 287 / 914 007 288. Fax: 913 970 279. Email: audiencianacional.salacontencioso.s2@justicia.es    Sección 3&amp;ordf;.   Teléfono: 914 007 290 / 914 007 291 / 914 007 292 / 913 970 269. Fax: 913 970 271. Email: audiencianacional.salacontencioso.s3@justicia.es    Sección 4&amp;ordf;.   Teléfono: 914 007 294 / 914 007 295 / 914 007 296. Fax: 913 970 278. Email: audiencianacional.salacontencioso.s4@justicia.es    Sección 5&amp;ordf;.   Teléfono: 914 007 298 / 914 007 299 / 914 007 300. Fax: 914 007 300. Email: audiencianacional.salacontencioso.s5@justicia.es    Sección 6&amp;ordf;.   Teléfono: 914 007 302 / 914 007 303 / 914 007 304. Fax: 913 970 297. Email: audiencianacional.salacontencioso.s6@justicia.es    Sección 7&amp;ordf;.   Teléfono:  914 007 308 / 914 007 307 / 914 007 306. Fax: 913 970 296. Email: audiencianacional.salacontencioso.s7@justicia.es    Sección 8&amp;ordf;.   Teléfono: 914 007 310 / 914 007 311 / 914 007 312. Fax: 913 970 290. Email: audiencianacional.salacontencioso.s8@justicia.es    Juzgados Centrales de lo Contencioso-Administrativo.   Número 1.   Teléfono: 914 007 005. Fax: 914 007 010. Email: audiencianacional.centralcontencioso1@justicia.es    Número 2.   Teléfono: 914 007 021. Fax: 914 007 010. Email: audiencianacional.centralcontencioso2@justicia.es    Número 3.   Teléfono: 914 007 035 / 914 007 037. Fax: 914 007 026. Email: audiencianacional.centralcontencioso3@justicia.es    Número 4.   Teléfono: 914 007 051 / 914 007 053. Fax: 914 007 026. Email: audiencianacional.centralcontencioso4@justicia.es    Número 5.   Teléfono: 914 007 069 / 914 007 068. Fax: 914 007 042. Email: audiencianacional.centralcontencioso5@justicia.es    Número 6.   Teléfono: 914 007 083 / 914 007 085. Fax: 914 007 042. Email: audiencianacional.centralcontencioso6@justicia.es    Número 7.   Teléfono: 914 007 100 / 914 007 085. Fax: 914 007 058. Email: audiencianacional.centralcontencioso7@justicia.es    Número 8.   Teléfono: 914 007 115 / 914 007 117. Fax: 914 007 074. Email: audiencianacional.centralcontencioso8@justicia.es    Número 9.   Teléfono: 914 007 133. Fax: 914 007 058. Email: audiencianacional.centralcontencioso9@justicia.es    Número 10.   Teléfono: 914 007 149. Fax: 914 007 074. Email: audiencianacional.centralcontencioso10@justicia.es    Número 11.   Teléfono: 914 007 163. Fax: 914 007 090. Email: audiencianacional.centralcontencioso11@justicia.es    Número 12.   Teléfono: 914 007 179 / 914 007 106. Fax: 914 007 186. Email: audiencianacional.centralcontencioso12@justicia.es";"Metro: Serrano (línea 4), Velázquez (línea 4).";"";"3";"http://www.madrid.es/sites/v/index.jsp?vgnextchannel=bfa48ab43d6bb410VgnVCM100000171f5a0aRCRD&vgnextoid=0db35c2cdc41c010VgnVCM2000000c205a0aRCRD";"GOYA";"CALLE";"V";"14";"";"";"";"";"MADRID";"MADRID";"28001";"1";"RECOLETOS";"4";"SALAMANCA";"441898";"4475164";"40.42508535222886";"-3.6849251359265383";"Ver pestańa Servicios";"";"";"/contenido/entidadesYorganismos/EntidadesAdministracionJusticia/Juzgados"
542;"Audiencia Nacional. Sala de lo Penal";"";"";"Sección 1&amp;ordf;.   Teléfono: 917 096 565 / 917 096 566 / 917 096 571.    Fax:  917 096 577.  Email: audiencianacional.salapenal.s1@justicia.es     Sección 2&amp;ordf;.   Teléfono: 917 096 576 / 917 096 611 / 917 096 570 / 917 096 572. Fax: 917 096 578. Email: audiencianacional.salapenal.s2@justicia.es    Sección 3&amp;ordf;.   Teléfono: 917 096 603 / 917 096 600. Fax: 917 096 608. Email: audiencianacional.salapenal.s3@justicia.es    Sección 4&amp;ordf;.   Teléfono: 917 096 602 /  917 096 604 / 917 096 605.    Fax:  917 096 609.  Email: audiencianacional.salapenal.s4@justicia.es     Sección Sala de Apelación.   Teléfono: 917 096 569 / 917 096 571.   Juzgado Central de lo Penal Único.   Teléfono: 917 096 421 / 917 096 422 / 917 096 423 / 917 096 424. Fax: 917 096 425. Email: audiencianacional.salaapelacion@justicia.es";"Metro: Colón (línea 4), Alonso Martínez (líneas 4, 5 y 10).";"";"3";"http://www.madrid.es/sites/v/index.jsp?vgnextchannel=bfa48ab43d6bb410VgnVCM100000171f5a0aRCRD&vgnextoid=95011076c081c010VgnVCM1000000b205a0aRCRD";"GARCIA GUTIERREZ";"CALLE";"V";"1";"";"";"";"";"MADRID";"MADRID";"28004";"4";"JUSTICIA";"1";"CENTRO";"441215";"4475262";"40.425917774018146";"-3.6929850504237662";"Ver pestańa Servicios";"";"";"/contenido/entidadesYorganismos/EntidadesAdministracionJusticia/AudienciasTribunales"
6273949;"Audiencia Nacional. Sala de lo Social Única";"";"";"";"Metro: Serrano (línea 4), Velázquez (línea 4).";"";"3";"http://www.madrid.es/sites/v/index.jsp?vgnextchannel=bfa48ab43d6bb410VgnVCM100000171f5a0aRCRD&vgnextoid=dd3f68c5a8064310VgnVCM2000000c205a0aRCRD";"GOYA";"CALLE";"V";"14";"";"";"";"";"MADRID";"MADRID";"28001";"1";"RECOLETOS";"4";"SALAMANCA";"441898";"4475164";"40.42508535222886";"-3.6849251359265383";"914 007 258 / 914 007 257 / 914 007 256";"914 007 264";"audiencianacional.salasocial@justicia.es";"/contenido/entidadesYorganismos/EntidadesAdministracionJusticia/AudienciasTribunales"
544;"Audiencia Provincial de Madrid. Calle Santiago de Compostela, 100";"";"";"Sala de lo Civil, Secciones 8 a 14, 18 a 22, 24 y 25 y Sala de lo Mercantil, Sección 28  Oficina de Registro y Reparto (Civil) Oficina de atención al ciudadano (Civil) Fiscalía (Audiencia Provincial - Civil) Clínica Médico Forense Información";"Metro: Avenida de la Ilustración (línea 7)";"";"3";"http://www.madrid.es/sites/v/index.jsp?vgnextchannel=bfa48ab43d6bb410VgnVCM100000171f5a0aRCRD&vgnextoid=28111076c081c010VgnVCM1000000b205a0aRCRD";"SANTIAGO DE COMPOSTELA";"CALLE";"V";"100";"";"";"";"";"MADRID";"MADRID";"28035";"3";"PEŃA GRANDE";"8";"FUENCARRAL-EL PARDO";"438950";"4480992";"40.47737142175386";"-3.7202376379239013";"914 937 124 (Información)";"";"";"/contenido/entidadesYorganismos/EntidadesAdministracionJusticia/AudienciasTribunales"
543;"Audiencia Provincial de Madrid. Calle Santiago de Compostela, 96";"";"";"Secciones 1 a 7, 15 a 17, 23, 26, 27, 29 y 30  de lo Penal Oficina del Jurado Oficina de Registro y Reparto de lo Penal Oficina de atención al ciudadano (Penal) Clínica Médico Forense Fiscalía (Penal) Fiscalía - Ejecutorias Audiencia Información";"Metro: Avenida de la Ilustración (línea 7), Peńa Grande (línea 7).";"";"3";"http://www.madrid.es/sites/v/index.jsp?vgnextchannel=bfa48ab43d6bb410VgnVCM100000171f5a0aRCRD&vgnextoid=ba211076c081c010VgnVCM1000000b205a0aRCRD";"";"";"";"";"";"";"";"";"MADRID";"MADRID";"";"";"";"";"";"";"";"";"";"914 937 124 (Información)";"";"";"/contenido/entidadesYorganismos/EntidadesAdministracionJusticia/AudienciasTribunales"
51493;"Clínica Médico Forense";"";"";"";"Metro: Plaza de Castilla (líneas 1, 9 y 10), Valdeacederas (línea 1)";"";"3";"http://www.madrid.es/sites/v/index.jsp?vgnextchannel=bfa48ab43d6bb410VgnVCM100000171f5a0aRCRD&vgnextoid=ef42e7510551c010VgnVCM2000000c205a0aRCRD";"CASTILLA";"PLAZA";"V";"1";"BAJA";"";"";"";"MADRID";"MADRID";"28046";"3";"CASTILLEJOS";"6";"TETUAN";"441500";"4479623";"40.46522363588108";"-3.690027045206217";"914 932 502";"914 932 503";"";"/contenido/entidadesYorganismos/EntidadesAdministracionJusticia"
8037447;"Consejo General del Poder Judicial. Sede central";"";"";"";"Metro: Colón (línea 4)  Renfe: Recoletos (C1)";"";"3";"http://www.madrid.es/sites/v/index.jsp?vgnextchannel=bfa48ab43d6bb410VgnVCM100000171f5a0aRCRD&vgnextoid=15e792540b14d410VgnVCM2000000c205a0aRCRD";"MARQUES DE LA ENSENADA";"CALLE";"V";"8";"";"";"";"";"MADRID";"MADRID";"28004";"4";"JUSTICIA";"1";"CENTRO";"441254";"4475064";"40.424140329881254";"-3.692512607309664";"917 006 100";"";"";"/contenido/entidadesYorganismos/EntidadesAdministracionJusticia"
1633;"Consejo General del Poder Judicial. Servicio de atención a la ciudadanía";"";"";"";"Metro: Quevedo (línea 2), Iglesia (línea 1)";"";"3";"http://www.madrid.es/sites/v/index.jsp?vgnextchannel=bfa48ab43d6bb410VgnVCM100000171f5a0aRCRD&vgnextoid=adc01e79ee71c010VgnVCM1000000b205a0aRCRD";"TRAFALGAR";"CALLE";"V";"27";"";"";"";"y 29";"MADRID";"MADRID";"28010";"3";"TRAFALGAR";"7";"CHAMBERI";"440497";"4476100";"40.433421116821314";"-3.701529795091964";"917 005 868";"";"";"/contenido/entidadesYorganismos/EntidadesAdministracionJusticia"
7612496;"Fiscalía de Discapacidades y Tutelas";"";"";"";"Metro: Plaza de Espańa (líneas 3 y 10), Ventura Rodríguez (línea 3)";"";"3";"http://www.madrid.es/sites/v/index.jsp?vgnextchannel=bfa48ab43d6bb410VgnVCM100000171f5a0aRCRD&vgnextoid=72ee5457f8cf7410VgnVCM1000000b205a0aRCRD";"VENTURA RODRIGUEZ";"CALLE";"V";"7";"";"";"";"";"MADRID";"MADRID";"28008";"2";"ARGUELLES";"9";"MONCLOA-ARAVACA";"439455";"4475204";"40.42527563017234";"-3.71372800896066";"914 438 730";"915 414 806";"";"/contenido/entidadesYorganismos/EntidadesAdministracionJusticia"
5185507;"Fiscalía del Tribunal Supremo";"";"";"";"Metro: Colón , Alonso MartínezBus: 5 , 7 , 14 , 27 , 45 , 150";"";"0";"http://www.madrid.es/sites/v/index.jsp?vgnextchannel=bfa48ab43d6bb410VgnVCM100000171f5a0aRCRD&vgnextoid=196a0afbaecfd110VgnVCM1000000b205a0aRCRD";"FORTUNY";"CALLE";"V";"4";"";"";"";"";"MADRID";"MADRID";"28010";"4";"ALMAGRO";"7";"CHAMBERI";"441498";"4475767";"40.42860469149395";"-3.690984085212356";"913 352 141";"913 352 298";"";"/contenido/entidadesYorganismos/EntidadesAdministracionJusticia"
7612132;"Fiscalía Superior Comunidad de Madrid";"";"";"";"Metro: Colón (línea 4), Alonso Martínez (líneas 4, 5 y 10)  Cercanías Renfe: Recoletos (líneas C1, C2, C7, C10)";"";"3";"http://www.madrid.es/sites/v/index.jsp?vgnextchannel=bfa48ab43d6bb410VgnVCM100000171f5a0aRCRD&vgnextoid=70887985458f7410VgnVCM1000000b205a0aRCRD";"GENERAL CASTA&amp;Ntilde;OS";"CALLE";"V";"1";"";"";"";"";"MADRID";"MADRID";"28004";"4";"JUSTICIA";"1";"CENTRO";"441109";"4475126";"40.424691322944106";"-3.6942249750928022";"914 934 852";"914 934 853";"";"/contenido/entidadesYorganismos/EntidadesAdministracionJusticia"
7612943;"Fiscalía -  Sección Civil";"";"";"";"Metro: Cuzco (línea 10), Tetuán (línea 1)";"";"3";"http://www.madrid.es/sites/v/index.jsp?vgnextchannel=bfa48ab43d6bb410VgnVCM100000171f5a0aRCRD&vgnextoid=f9779812b8df7410VgnVCM1000000b205a0aRCRD";"FRANCISCO GERVAS";"CALLE";"V";"10";"";"";"";"";"MADRID";"MADRID";"28020";"3";"CASTILLEJOS";"6";"TETUAN";"441242";"4479147";"40.46092028473553";"-3.6930293398507077";"914 936 349";"914 936 363";"";"/contenido/entidadesYorganismos/EntidadesAdministracionJusticia"
7612817;"Fiscalía - Contencioso Administrativo";"";"";"";"Metro: Chueca (línea 5), Banco de Espańa (línea 2)  Cercanías Renfe: Recoletos (líneas C1, C2, C7, C10)";"";"3";"http://www.madrid.es/sites/v/index.jsp?vgnextchannel=bfa48ab43d6bb410VgnVCM100000171f5a0aRCRD&vgnextoid=bab4bceef5df7410VgnVCM1000000b205a0aRCRD";"BARQUILLO";"CALLE";"V";"23";"";"";"";"";"MADRID";"MADRID";"28004";"4";"JUSTICIA";"1";"CENTRO";"440983";"4474873";"40.42239673022926";"-3.695692324367985";"915 221 735";"915 232 827";"";"/contenido/entidadesYorganismos/EntidadesAdministracionJusticia"
7612449;"Fiscalía - Delitos Económicos";"";"";"";"Metro: Plaza de Castilla (líneas 1, 9 y 10), Valdeacederas (línea 1)";"";"3";"http://www.madrid.es/sites/v/index.jsp?vgnextchannel=bfa48ab43d6bb410VgnVCM100000171f5a0aRCRD&vgnextoid=d5a3307f57cf7410VgnVCM1000000b205a0aRCRD";"POETA JOAN MARAGALL";"CALLE";"V";"53";"";"";"";"";"MADRID";"MADRID";"28020";"3";"CASTILLEJOS";"6";"TETUAN";"441351";"4479437";"40.46354276590144";"-3.6917713300891353";"914 932 660 / 914 932 663";"914 932 664";"";"/contenido/entidadesYorganismos/EntidadesAdministracionJusticia"
7612483;"Fiscalía - Ejecutorias Penales";"";"";"";"Metro: Plaza de Castilla (líneas 1, 9 y 10), Valdeacederas (línea 1)";"";"3";"http://www.madrid.es/sites/v/index.jsp?vgnextchannel=bfa48ab43d6bb410VgnVCM100000171f5a0aRCRD&vgnextoid=ac795457f8cf7410VgnVCM1000000b205a0aRCRD";"POETA JOAN MARAGALL";"CALLE";"V";"53";"";"";"";"";"MADRID";"MADRID";"28020";"3";"CASTILLEJOS";"6";"TETUAN";"441351";"4479437";"40.46354276590144";"-3.6917713300891353";"914 932 472";"914 932 473";"";"/contenido/entidadesYorganismos/EntidadesAdministracionJusticia"
7612716;"Fiscalía - Enjuiciamiento Penal";"";"";"";"Metro: Ciudad Lineal (línea 5), García Noblejas (línea 7)";"";"3";"http://www.madrid.es/sites/v/index.jsp?vgnextchannel=bfa48ab43d6bb410VgnVCM100000171f5a0aRCRD&vgnextoid=698c66dad3df7410VgnVCM1000000b205a0aRCRD";"JULIAN CAMARILLO";"CALLE";"V";"11";"";"";"";"";"MADRID";"MADRID";"28037";"1";"SIMANCAS";"20";"SAN BLAS-CANILLEJAS";"446386";"4476126";"40.43405111073974";"-3.632104845105916";"914 931 485";"914 931 438";"";"/contenido/entidadesYorganismos/EntidadesAdministracionJusticia"
7612611;"Fiscalía - Guarda e Instrucción";"";"";"";"Metro: Plaza de Castilla (líneas 1, 9 y 10).";"";"3";"http://www.madrid.es/sites/v/index.jsp?vgnextchannel=bfa48ab43d6bb410VgnVCM100000171f5a0aRCRD&vgnextoid=f732fb250ecf7410VgnVCM1000000b205a0aRCRD";"CASTILLA";"PLAZA";"V";"1";"";"";"";"";"MADRID";"MADRID";"28046";"3";"CASTILLEJOS";"6";"TETUAN";"441500";"4479623";"40.46522363588108";"-3.690027045206217";"914 932 588";"914 932 589";"";"/contenido/entidadesYorganismos/EntidadesAdministracionJusticia"
11769737;"Fiscalía - Guardia de menores";"";"";"";"Metro: García Noblejas (línea 7)";"";"3";"http://www.madrid.es/sites/v/index.jsp?vgnextchannel=bfa48ab43d6bb410VgnVCM100000171f5a0aRCRD&vgnextoid=8849103c47533810VgnVCM2000001f4a900aRCRD";"HERMANOS GARCIA NOBLEJAS";"CALLE";"V";"1";"";"";"";"";"MADRID";"MADRID";"28037";"1";"SIMANCAS";"20";"SAN BLAS-CANILLEJAS";"445922";"4476537";"40.437721520809724";"-3.6376097249566857";"914 931 098";"914 931 109";"";"/contenido/entidadesYorganismos/EntidadesAdministracionJusticia"
7612837;"Fiscalía - Laboral";"";"";"";"Metro: Plaza de Castilla (líneas 1, 9 y 10), Valdeacederas (línea 1)";"";"3";"http://www.madrid.es/sites/v/index.jsp?vgnextchannel=bfa48ab43d6bb410VgnVCM100000171f5a0aRCRD&vgnextoid=9fab206337df7410VgnVCM1000000b205a0aRCRD";"POETA JOAN MARAGALL";"CALLE";"V";"53";"";"";"";"";"MADRID";"MADRID";"28020";"3";"CASTILLEJOS";"6";"TETUAN";"441351";"4479437";"40.46354276590144";"-3.6917713300891353";"914 933 127";"914 933 036";"";"/contenido/entidadesYorganismos/EntidadesAdministracionJusticia"
11054550;"Fiscalía - Medio Ambiente";"";"";"";"Metro: Plaza de Castilla (líneas 1, 9 y 10), Valdeacederas (línea 1)";"";"3";"http://www.madrid.es/sites/v/index.jsp?vgnextchannel=bfa48ab43d6bb410VgnVCM100000171f5a0aRCRD&vgnextoid=95d55c39b312e610VgnVCM2000001f4a900aRCRD";"POETA JOAN MARAGALL";"CALLE";"V";"53";"";"";"";"";"MADRID";"MADRID";"28020";"3";"CASTILLEJOS";"6";"TETUAN";"441351";"4479437";"40.46354276590144";"-3.6917713300891353";"914 936 576 / 914 933 124";"914 934 634";"";"/contenido/entidadesYorganismos/EntidadesAdministracionJusticia"
11769739;"Fiscalía - Menores";"";"";"";"Metro: García Noblejas (línea 7)";"";"3";"http://www.madrid.es/sites/v/index.jsp?vgnextchannel=bfa48ab43d6bb410VgnVCM100000171f5a0aRCRD&vgnextoid=343a103c47533810VgnVCM2000001f4a900aRCRD";"HERMANOS GARCIA NOBLEJAS";"CALLE";"V";"37";"";"";"";"";"MADRID";"MADRID";"28037";"1";"SIMANCAS";"20";"SAN BLAS-CANILLEJAS";"446302";"4475944";"40.43241144287643";"-3.633080417119615";"914 931 202 / 914 931 203";"914 931 108 / 914 931 109";"";"/contenido/entidadesYorganismos/EntidadesAdministracionJusticia"
7612881;"Fiscalía - Registro Civil";"";"";"";"Metro: Alfonso XIII (línea 4)";"";"3";"http://www.madrid.es/sites/v/index.jsp?vgnextchannel=bfa48ab43d6bb410VgnVCM100000171f5a0aRCRD&vgnextoid=8441206337df7410VgnVCM1000000b205a0aRCRD";"PRADILLO";"CALLE";"V";"66";"";"";"";"";"MADRID";"MADRID";"28002";"3";"CIUDAD JARDIN";"5";"CHAMARTIN";"443334";"4477925";"40.45005963898069";"-3.6682500834600336";"914 936 679";"914 936 746";"";"/contenido/entidadesYorganismos/EntidadesAdministracionJusticia"
12110906;"Fiscalía - Sección de lo Social";"";"";"";"Metro: Ventura Rodríguez (línea 3), Plaza de Espańa (líneas 3, 10)";"";"3";"http://www.madrid.es/sites/v/index.jsp?vgnextchannel=bfa48ab43d6bb410VgnVCM100000171f5a0aRCRD&vgnextoid=754d092e156da810VgnVCM1000001d4a900aRCRD";"PRINCESA";"CALLE";"V";"3";"";"";"";"";"MADRID";"MADRID";"28008";"2";"ARGUELLES";"9";"MONCLOA-ARAVACA";"439529";"4475145";"40.42474343764168";"-3.7128566472819906";"";"";"";"/contenido/entidadesYorganismos/EntidadesAdministracionJusticia/Juzgados"
11054566;"Fiscalía - Secciones 1 a 5";"";"";"";"Metro: Plaza de Castilla (líneas 1, 9 y 10), Valdeacederas (línea 1)";"Sección 1&amp;ordf;. Teléfono 914930701 Fax 914930700  Sección 2&amp;ordf;. Teléfono 914930696 Fax 914930700  Sección 3&amp;ordf;. Teléfono 914932473 / 914932474 Fax 914932476  Sección 4&amp;ordf;. Teléfono 914930707 Fax 914930705  Sección 5&amp;ordf;. Teléfono 914930711 Fax 914930705";"3";"http://www.madrid.es/sites/v/index.jsp?vgnextchannel=bfa48ab43d6bb410VgnVCM100000171f5a0aRCRD&vgnextoid=86075c39b312e610VgnVCM2000001f4a900aRCRD";"POETA JOAN MARAGALL";"CALLE";"V";"53";"";"";"";"";"MADRID";"MADRID";"28020";"3";"CASTILLEJOS";"6";"TETUAN";"441351";"4479437";"40.46354276590144";"-3.6917713300891353";"Ver pestańa Más información";"";"";"/contenido/entidadesYorganismos/EntidadesAdministracionJusticia"
7612756;"Fiscalía - Violencia Familiar";"";"";"";"Metro: García Noblejas (línea 7)";"";"3";"http://www.madrid.es/sites/v/index.jsp?vgnextchannel=bfa48ab43d6bb410VgnVCM100000171f5a0aRCRD&vgnextoid=d318e7e015df7410VgnVCM1000000b205a0aRCRD";"ALBARRACIN";"CALLE";"V";"31";"";"";"";"";"MADRID";"MADRID";"28037";"1";"SIMANCAS";"20";"SAN BLAS-CANILLEJAS";"446428";"4476044";"40.43331852345729";"-3.6316052860559234";"914 932 422 / 914 933 111";"914 933 115 / 914 932 427";"";"/contenido/entidadesYorganismos/EntidadesAdministracionJusticia"
11768894;"Instituto de Medicina Legal y Ciencias Forenses de la Comunidad de Madrid";"";"";"";"Consulta los siguientes enlaces";"";"3";"http://www.madrid.es/sites/v/index.jsp?vgnextchannel=bfa48ab43d6bb410VgnVCM100000171f5a0aRCRD&vgnextoid=06e28f0261133810VgnVCM1000001d4a900aRCRD";"JULIO CANO LASSO";"CALLE";"V";"4";"";"";"";"";"MADRID";"MADRID";"28055";"4";"TIMON";"21";"BARAJAS";"448752";"4481418";"40.48187275814413";"-3.6046450950339386";"915 441 131";"";"";"/contenido/entidadesYorganismos/EntidadesAdministracionJusticia"
7613531;"Juzgado de Guardia. Plaza de Castilla";"";"";"";"Metro: Plaza de Castilla (líneas 1, 9 y 10), Valdeacederas (línea 1)";"Juzgado de Guardia. Teléfono 914 932 513 / Fax: 914 932 629 Juzgado de Guardia de Diligencias. Teléfono: 914 931 354 / 914 931 355 / Fax: 914 932 515 Juzgado de Guardia Permanente. Teléfono: 914 932 513 / 914 932 514 / Fax: 914 932 515 / 914 932 629";"3";"http://www.madrid.es/sites/v/index.jsp?vgnextchannel=bfa48ab43d6bb410VgnVCM100000171f5a0aRCRD&vgnextoid=c77743b5e1c08410VgnVCM1000000b205a0aRCRD";"CASTILLA";"PLAZA";"V";"1";"";"";"";"";"MADRID";"MADRID";"28046";"3";"CASTILLEJOS";"6";"TETUAN";"441500";"4479623";"40.46522363588108";"-3.690027045206217";"Ver pestańa Más información";"";"";"/contenido/entidadesYorganismos/EntidadesAdministracionJusticia"
11469962;"Juzgado de Primera Instancia nş 101. Calle Princesa";"";"";"Juzgado 101";"Metro: Ventura Rodríguez (línea 3), Plaza de Espańa (líneas 3, 10)";"";"3";"http://www.madrid.es/sites/v/index.jsp?vgnextchannel=bfa48ab43d6bb410VgnVCM100000171f5a0aRCRD&vgnextoid=9eb9236b5670c710VgnVCM1000001d4a900aRCRD";"PRINCESA";"CALLE";"V";"3";"";"";"";"";"MADRID";"MADRID";"28008";"2";"ARGUELLES";"9";"MONCLOA-ARAVACA";"439529";"4475145";"40.42474343764168";"-3.7128566472819906";"914 437 957";"914 437 930";"";"/contenido/entidadesYorganismos/EntidadesAdministracionJusticia/Juzgados"
551;"Juzgados de Instrucción. Plaza de Castilla";"";"";"Consulte el siguiente enlace";"Metro: Plaza de Castilla (líneas 1, 9 y 10), Valdeacederas (línea 1)";"Número 1, 2, 3, 4, 5, 6, 7, 8, 9, 10, 11, 11bis, 12, 13, 14, 15, 16, 17, 18, 19, 20, 21, 22, 23, 24, 25, 26, 27, 28, 29, 30, 31, 32, 33, 34, 35, 36, 37, 38, 39, 40, 41, 42, 43, 44, 45, 46, 47, 48, 49, 50, 51, 52, 53, 54";"3";"http://www.madrid.es/sites/v/index.jsp?vgnextchannel=bfa48ab43d6bb410VgnVCM100000171f5a0aRCRD&vgnextoid=a757e0e1f181c010VgnVCM1000000b205a0aRCRD";"CASTILLA";"PLAZA";"V";"1";"";"";"";"";"MADRID";"MADRID";"28046";"3";"CASTILLEJOS";"6";"TETUAN";"441500";"4479623";"40.46522363588108";"-3.690027045206217";"914 932 000 y Consulte el apartado servicios";"";"";"/contenido/entidadesYorganismos/EntidadesAdministracionJusticia/Juzgados"
45344;"Juzgados de lo Contencioso - Administrativo. Calle Gran Vía, 19";"";"";"Consulte los distintos juzgados y teléfonos en el siguiente enlace.";"Metro: Gran Vía (líneas 1, 5)";"Decanato.  Números 1, 2, 3, 4, 5, 6, 7, 8, 9, 10, 11, 12, 13, 14, 15, 16, 17, 18, 19, 20, 21, 22, 23, 24, 25, 26, 27";"3";"http://www.madrid.es/sites/v/index.jsp?vgnextchannel=bfa48ab43d6bb410VgnVCM100000171f5a0aRCRD&vgnextoid=4d60e7510551c010VgnVCM2000000c205a0aRCRD";"GRAN VIA";"CALLE";"V";"19";"";"";"";"";"MADRID";"MADRID";"28013";"6";"SOL";"1";"CENTRO";"440541";"4474594";"40.419852428333336";"-3.700878075128528";"Consulte el apartado "Equipamiento y servicios"";"";"";"/contenido/entidadesYorganismos/EntidadesAdministracionJusticia/Juzgados"
12110838;"Juzgados de lo Contencioso - Administrativo. Calle Princesa";"";"";"Números 28, 29, 30, 31, 32, 33, 34  Consulte los teléfonos en el siguiente enlace.";"Metro: Ventura Rodríguez (línea 3), Plaza de Espańa (líneas 3, 10)";"";"3";"http://www.madrid.es/sites/v/index.jsp?vgnextchannel=bfa48ab43d6bb410VgnVCM100000171f5a0aRCRD&vgnextoid=6b7b092e156da810VgnVCM1000001d4a900aRCRD";"PRINCESA";"CALLE";"V";"3";"";"";"";"";"MADRID";"MADRID";"28008";"2";"ARGUELLES";"9";"MONCLOA-ARAVACA";"439529";"4475145";"40.42474343764168";"-3.7128566472819906";"Ver pestańa Equipamiento y servicios";"";"";"/contenido/entidadesYorganismos/EntidadesAdministracionJusticia/Juzgados"
163710;"Juzgados de lo Mercantil. Calle Gran Vía 52.";"";"";"Consulte los teléfonos en el siguiente enlace.";"Metro: Santo Domingo (línea 2), Callao (líneas 3, 5)";"Decanato.  Número 1, 2, 3, 4, 5, 6, 7, 8, 9, 10, 11, 12, 13, 14, 15";"0";"http://www.madrid.es/sites/v/index.jsp?vgnextchannel=bfa48ab43d6bb410VgnVCM100000171f5a0aRCRD&vgnextoid=8e69ab080581c010VgnVCM1000000b205a0aRCRD";"GRAN VIA";"CALLE";"V";"52";"";"";"";"";"MADRID";"MADRID";"28013";"5";"UNIVERSIDAD";"1";"CENTRO";"440032";"4474735";"40.42108980627108";"-3.706888034400768";"Consulte la pestańa Equipamiento y Servicios.";"";"";"/contenido/entidadesYorganismos/EntidadesAdministracionJusticia/Juzgados"
6273905;"Juzgados de lo Penal. Calle Albarracín";"";"";"Consulte los teléfonos en el siguiente enlace";"Metro: Ascao (línea 7) / García Noblejas (línea 7)";"Números 11, 13, 27, 28, 29, 31, 32, 33, 34, 35, 36, 37";"3";"http://www.madrid.es/sites/v/index.jsp?vgnextchannel=bfa48ab43d6bb410VgnVCM100000171f5a0aRCRD&vgnextoid=8046df4d86064310VgnVCM1000000b205a0aRCRD";"ALBARRACIN";"CALLE";"V";"31";"";"";"";"";"MADRID";"MADRID";"28037";"1";"SIMANCAS";"20";"SAN BLAS-CANILLEJAS";"446428";"4476044";"40.43331852345729";"-3.6316052860559234";"Consulte la pestańa Equipamiento y Servicios";"";"";"/contenido/entidadesYorganismos/EntidadesAdministracionJusticia/Juzgados"
120343;"Juzgados de lo Penal. Calle Julián Camarillo";"";"";"Consulte los teléfonos en el siguiente enlace";"Metro: Ciudad Lineal (línea 5), García Noblejas (línea 7)";"Números: 1, 3, 5, 6, 8, 9, 10, 14, 15, 16, 17, 18, 19, 20, 21, 22, 23, 24, 25, 26, 30 Decanato Servicio de atención a la víctima";"3";"http://www.madrid.es/sites/v/index.jsp?vgnextchannel=bfa48ab43d6bb410VgnVCM100000171f5a0aRCRD&vgnextoid=d244e8ae8d81c010VgnVCM1000000b205a0aRCRD";"JULIAN CAMARILLO";"CALLE";"V";"11";"";"";"";"";"MADRID";"MADRID";"28037";"1";"SIMANCAS";"20";"SAN BLAS-CANILLEJAS";"446386";"4476126";"40.43405111073974";"-3.632104845105916";"Consulte la pestańa Equipamiento y Servicios";"";"";"/contenido/entidadesYorganismos/EntidadesAdministracionJusticia/Juzgados"
549;"Juzgados de lo Social";"";"";"Decanato Juzgados 1 a 51  Consulte los teléfonos en el siguiente enlace.";"Metro: Ventura Rodríguez (línea 3), Plaza de Espańa (líneas 3, 10)";"";"3";"http://www.madrid.es/sites/v/index.jsp?vgnextchannel=bfa48ab43d6bb410VgnVCM100000171f5a0aRCRD&vgnextoid=cc77e0e1f181c010VgnVCM1000000b205a0aRCRD";"PRINCESA";"CALLE";"V";"3";"";"";"";"";"MADRID";"MADRID";"28008";"2";"ARGUELLES";"9";"MONCLOA-ARAVACA";"439529";"4475145";"40.42474343764168";"-3.7128566472819906";"914 438 030 (Centralita). Consulte más información en la pestańa Equipamiento y Servicios";"";"";"/contenido/entidadesYorganismos/EntidadesAdministracionJusticia/Juzgados"
548;"Juzgados de Menores";"";"";"Consulte los teléfonos en el siguiente enlace.";"Metro: García Noblejas (línea 7)";"Números 1, 2, 3, 4, 5, 6, 7";"3";"http://www.madrid.es/sites/v/index.jsp?vgnextchannel=bfa48ab43d6bb410VgnVCM100000171f5a0aRCRD&vgnextoid=e1a7e0e1f181c010VgnVCM1000000b205a0aRCRD";"HERMANOS GARCIA NOBLEJAS";"CALLE";"V";"37";"";"";"";"";"MADRID";"MADRID";"28037";"1";"SIMANCAS";"20";"SAN BLAS-CANILLEJAS";"446302";"4475944";"40.43241144287643";"-3.633080417119615";"Consulte la pestańa Equipamiento y Servicios";"";"";"/contenido/entidadesYorganismos/EntidadesAdministracionJusticia/Juzgados"
162803;"Juzgados de Primera Instancia. Calle Francisco Gervás";"";"";"Consulte los teléfonos en el siguiente enlace.";"Metro: Cuzco (línea 10), Tetuán (línea 1)";"Números 22, 23, 24, 25, 27, 28, 29, 66, 75, 76, 79, 80, 85, 93, 104, 105";"3";"http://www.madrid.es/sites/v/index.jsp?vgnextchannel=bfa48ab43d6bb410VgnVCM100000171f5a0aRCRD&vgnextoid=23adab080581c010VgnVCM1000000b205a0aRCRD";"FRANCISCO GERVAS";"CALLE";"V";"10";"";"";"";"";"MADRID";"MADRID";"28020";"3";"CASTILLEJOS";"6";"TETUAN";"441242";"4479147";"40.46092028473553";"-3.6930293398507077";"Consulte la pestańa Equipamiento y Servicios";"";"";"/contenido/entidadesYorganismos/EntidadesAdministracionJusticia/Juzgados"
12106895;"Juzgados de Primera Instancia. Calle Gran Vía";"";"";"Número 101 bis";"Metro: Gran Vía (líneas 1, 5)";"";"3";"http://www.madrid.es/sites/v/index.jsp?vgnextchannel=bfa48ab43d6bb410VgnVCM100000171f5a0aRCRD&vgnextoid=e378aeb591cca810VgnVCM2000001f4a900aRCRD";"GRAN VIA";"CALLE";"V";"12";"2 y 3";"";"";"";"MADRID";"MADRID";"28013";"4";"JUSTICIA";"1";"CENTRO";"440709";"4474571";"40.41965574479508";"-3.6988865455852866";"914937071";"917031648";"juzpriminstancia101bismadrid@madrid.org";"/contenido/entidadesYorganismos/EntidadesAdministracionJusticia/Juzgados"
550;"Juzgados de Primera Instancia. Calle Poeta Joan Maragall";"";"";"Consulte los teléfonos en el siguiente enlace.";"Metro: Plaza de Castilla (líneas 1, 9 y 10), Valdeacederas (línea 1)";"Decanato. Número 1, 2, 3, 4, 5, 6, 7, 8, 9, 11, 12, 13, 14, 15, 16, 17, 18, 19, 20, 21, 26, 31, 32, 33, 34, 35, 36, 37, 38, 39, 40, 41, 42, 43, 44, 45, 46, 47, 67, 68, 69, 70, 71, 72, 73, 74";"3";"http://www.madrid.es/sites/v/index.jsp?vgnextchannel=bfa48ab43d6bb410VgnVCM100000171f5a0aRCRD&vgnextoid=74b7e0e1f181c010VgnVCM1000000b205a0aRCRD";"POETA JOAN MARAGALL";"CALLE";"V";"66";"";"";"";"";"MADRID";"MADRID";"28020";"3";"CASTILLEJOS";"6";"TETUAN";"441392";"4479518";"40.46427335362861";"-3.6912961631341865";"Consulte la pestańa Equipamiento y Servicios";"";"";"/contenido/entidadesYorganismos/EntidadesAdministracionJusticia/Juzgados"
10514777;"Juzgados de Primera Instancia. Calle Rosario Pino";"";"";"Consulte los teléfonos en el siguiente enlace.";"Metro: Valdeacederas y Tetuán (línea 1)";"Números 48, 49, 50, 51, 52, 53, 54, 55, 56, 57, 58, 59, 60, 61, 62, 63, 64, 77, 81, 82, 83, 84, 86, 87, 88, 89, 90, 91, 92, 96, 97, 98, 99, 100, 102, 103";"3";"http://www.madrid.es/sites/v/index.jsp?vgnextchannel=bfa48ab43d6bb410VgnVCM100000171f5a0aRCRD&vgnextoid=e82fa5f5c950f510VgnVCM2000001f4a900aRCRD";"ROSARIO PINO";"CALLE";"V";"5";"";"";"";"";"MADRID";"MADRID";"28020";"3";"CASTILLEJOS";"6";"TETUAN";"441394";"4479261";"40.46195385690931";"-3.691243604831495";"Consulte la pestańa Equipamiento y Servicios";"";"";"/contenido/entidadesYorganismos/EntidadesAdministracionJusticia/Juzgados"
91177;"Juzgados de Primera Instancia. Calle Ventura Rodríguez";"";"";"Consulte los teléfonos en el siguiente enlace.";"Metro: Ventura Rodriguez (línea 3), Plaza de Espańa (líneas 3, 10)";"Número 30, 65, 78, 94, 95";"3";"http://www.madrid.es/sites/v/index.jsp?vgnextchannel=bfa48ab43d6bb410VgnVCM100000171f5a0aRCRD&vgnextoid=47045c2cdc41c010VgnVCM2000000c205a0aRCRD";"VENTURA RODRIGUEZ";"CALLE";"V";"7";"";"";"";"";"MADRID";"MADRID";"28008";"2";"ARGUELLES";"9";"MONCLOA-ARAVACA";"439455";"4475204";"40.42527563017234";"-3.71372800896066";"Consulte la pestańa Equipamiento y Servicios";"";"";"/contenido/entidadesYorganismos/EntidadesAdministracionJusticia/Juzgados"
555;"Juzgados de Vigilancia Penitenciaria";"";"";"Consulte los teléfonos en el siguiente enlace.";"Metro: Plaza de Castilla (líneas 1, 9 y 10), Valdeacederas (línea 1)";"Decanato Fiscalía Número 1, 2, 3, 4, 5, 6";"3";"http://www.madrid.es/sites/v/index.jsp?vgnextchannel=bfa48ab43d6bb410VgnVCM100000171f5a0aRCRD&vgnextoid=511829ea9281c010VgnVCM1000000b205a0aRCRD";"CASTILLA";"PLAZA";"V";"1";"";"";"";"";"MADRID";"MADRID";"28046";"3";"CASTILLEJOS";"6";"TETUAN";"441500";"4479623";"40.46522363588108";"-3.690027045206217";"Consulte la pestańa Equipamiento y Servicios.";"";"";"/contenido/entidadesYorganismos/EntidadesAdministracionJusticia/Juzgados"
171720;"Juzgados de Violencia sobre la Mujer";"";"";"Consulte los teléfonos en el siguiente enlace.";"Metro: Garcia Noblejas (línea 7)";"";"3";"http://www.madrid.es/sites/v/index.jsp?vgnextchannel=bfa48ab43d6bb410VgnVCM100000171f5a0aRCRD&vgnextoid=094829ea9281c010VgnVCM1000000b205a0aRCRD";"ALBARRACIN";"CALLE";"V";"31";"";"";"";"";"MADRID";"MADRID";"28037";"1";"SIMANCAS";"20";"SAN BLAS-CANILLEJAS";"446428";"4476044";"40.43331852345729";"-3.6316052860559234";"Consulte la pestańa Equipamiento y Servicios";"";"";"/contenido/entidadesYorganismos/EntidadesAdministracionJusticia/Juzgados"
12373;"Ministerio de la Presidencia, Justicia y Relaciones con las Cortes. Sede Justicia. Centro de Atención al Ciudadano y Oficina de asistencia en materia de registro";"La Oficina Central de Atención al Ciudadano proporciona información sobre trámites y servicios en el ámbito del Ministerio de Justicia. En ella se realizan los siguientes trámites presenciales, preferiblemente mediante CITA PREVIA:?  ?Servicio de Información sobre trámites y servicios del Ministerio de Justicia Expedición de Certificado de Antecedentes? penales Expedición de Certificado de Delitos de Naturaleza Sexual Expedición de Certificado de Últimas voluntades Expedición de Certificado de Seguros con cobertura de Fallecimiento Expedición de Legalización y Apostilla de la Haya Registro General de Ministerio de Justicia para la presentación de solicitudes, escritos y comunicaciones dirigidas a las Administraciones Públicas";"";"";"Metro: Sol (líneas 1, 2 y 3)  Renfe: Sol (C3, C4 y C4a)";"";"3";"http://www.madrid.es/sites/v/index.jsp?vgnextchannel=bfa48ab43d6bb410VgnVCM100000171f5a0aRCRD&vgnextoid=783c72081661c010VgnVCM1000000b205a0aRCRD";"BOLSA";"CALLE";"V";"8";"";"";"";"";"MADRID";"MADRID";"28012";"6";"SOL";"1";"CENTRO";"440233";"4474048";"40.41491171060156";"-3.704447071564837";"918 372 295 (Atención al ciudadano)";"";"";"/contenido/entidadesYorganismos/EntidadesAdministracionJusticia"
5378170;"Registro Civil Central. Servicio de Certificados";"";"";"";"Metro: Sol (líneas 1, 2 y 3), Gran Vía (líneas 1 y 5)  Renfe: Sol (C3, C4 y C4a)";"";"3";"http://www.madrid.es/sites/v/index.jsp?vgnextchannel=bfa48ab43d6bb410VgnVCM100000171f5a0aRCRD&vgnextoid=f41ab02c9d362210VgnVCM2000000c205a0aRCRD";"MONTERA";"CALLE";"V";"18";"";"";"";"";"MADRID";"MADRID";"28013";"6";"SOL";"1";"CENTRO";"440394";"4474380";"40.41791531457034";"-3.7025833771465733";"918 372 295";"";"";"/contenido/entidadesYorganismos/EntidadesAdministracionJusticia"
540;"Tribunal Constitucional";"";"";"";"Metro: Islas Filipinas (línea 7)";"";"3";"http://www.madrid.es/sites/v/index.jsp?vgnextchannel=bfa48ab43d6bb410VgnVCM100000171f5a0aRCRD&vgnextoid=a0bde3914381c010VgnVCM1000000b205a0aRCRD";"DOMENICO SCARLATTI";"CALLE";"V";"6";"";"";"";"";"MADRID";"MADRID";"28003";"6";"VALLEHERMOSO";"7";"CHAMBERI";"439188";"4476993";"40.44136939930756";"-3.7170509401890635";"915 508 000";"";"";"/contenido/entidadesYorganismos/EntidadesAdministracionJusticia/AudienciasTribunales"
547;"Tribunal de la Rota de la Nunciatura Apostólica en Espańa";"";"";"";"Metro: Latina (línea 5)";"";"3";"http://www.madrid.es/sites/v/index.jsp?vgnextchannel=bfa48ab43d6bb410VgnVCM100000171f5a0aRCRD&vgnextoid=33cde3914381c010VgnVCM1000000b205a0aRCRD";"NUNCIO";"CALLE";"V";"13";"";"";"";"";"MADRID";"MADRID";"28005";"1";"PALACIO";"1";"CENTRO";"439803";"4473871";"40.41329129845919";"-3.7095079687098185";"913 656 620";"913 642 189";"secretariatr@tribunalrota.org";"/contenido/entidadesYorganismos/EntidadesAdministracionJusticia/AudienciasTribunales"
545;"Tribunal Superior de Justicia de Madrid. Calle General Castańos 1";"";"";"Registro Sala de lo Civil y Penal Sala de lo Contencioso Administrativo secciones 1 a 9 Fiscalía Secretaría de Gobierno  Consulte los teléfonos en el siguiente enlace";"Metro: Colón (línea 4)  Renfe: Recoletos (líneas C1, C2, C7, C10)";"";"3";"http://www.madrid.es/sites/v/index.jsp?vgnextchannel=bfa48ab43d6bb410VgnVCM100000171f5a0aRCRD&vgnextoid=c5dde3914381c010VgnVCM1000000b205a0aRCRD";"GENERAL CASTA&amp;Ntilde;OS";"CALLE";"V";"1";"";"";"";"";"MADRID";"MADRID";"28004";"4";"JUSTICIA";"1";"CENTRO";"441109";"4475126";"40.424691322944106";"-3.6942249750928022";"Consulte la pestańa Equipamiento y Servicios.";"";"";"/contenido/entidadesYorganismos/EntidadesAdministracionJusticia/AudienciasTribunales"
11470019;"Tribunal Superior de Justicia de Madrid. Calle Génova";"";"";"Sala de lo Contencioso Administrativo Sección 10";"Metro: Colón (línea 4)  Renfe: Recoletos (líneas C1, C2, C7, C10)";"";"3";"http://www.madrid.es/sites/v/index.jsp?vgnextchannel=bfa48ab43d6bb410VgnVCM100000171f5a0aRCRD&vgnextoid=9d7e236b5670c710VgnVCM1000001d4a900aRCRD";"GENOVA";"CALLE";"V";"10";"";"";"";"";"MADRID";"MADRID";"28004";"4";"JUSTICIA";"1";"CENTRO";"441073";"4475376";"40.426935032150396";"-3.694673264472241";"912 760 641";"913 198 976";"";"/contenido/entidadesYorganismos/EntidadesAdministracionJusticia/AudienciasTribunales"
11469904;"Tribunal Superior de Justicia de Madrid. Paseo General Martínez Campos";"";"";"Registro Sala de lo Social secciones 1 a 6  Consulte los teléfonos en el siguiente enlace.";"Metro: Iglesia (línea 1)";"";"3";"http://www.madrid.es/sites/v/index.jsp?vgnextchannel=bfa48ab43d6bb410VgnVCM100000171f5a0aRCRD&vgnextoid=47711c3bf170c710VgnVCM1000001d4a900aRCRD";"GENERAL MARTINEZ CAMPOS";"PASEO";"V";"27";"";"";"";"";"MADRID";"MADRID";"28010";"4";"ALMAGRO";"7";"CHAMBERI";"441091";"4476294";"40.43521023727834";"-3.69454384260297";"914 931 900 (centralita). 
Más información en la pestańa Equipamiento y Servicios";"";"";"/contenido/entidadesYorganismos/EntidadesAdministracionJusticia/AudienciasTribunales"
541;"Tribunal Supremo";"";"";"";"Metro: Colón (línea 4), Alonso Martínez (líneas 4, 5 y 10)   Renfe: Recoletos";"";"3";"http://www.madrid.es/sites/v/index.jsp?vgnextchannel=bfa48ab43d6bb410VgnVCM100000171f5a0aRCRD&vgnextoid=eafde3914381c010VgnVCM1000000b205a0aRCRD";"VILLA DE PARIS";"PLAZA";"V";"0";"";"";"";"acceso por Marqués de la Ensenada, 1";"MADRID";"MADRID";"28004";"4";"JUSTICIA";"1";"CENTRO";"441188";"4475132";"40.4247497561406";"-3.6933000719659024";"913 971 200 (centralita) / 913 971 050 (atención al ciuadano)";"";"";"/contenido/entidadesYorganismos/MonumentosEdificiosArtisticos"
